../Archivos/ArchivoCliente/50/audio_50_1.mp3,wav
../Archivos/ArchivoCliente/50/audio_50_2.mp3,wav
../Archivos/ArchivoCliente/50/audio_50_3.mp3,wav
../Archivos/ArchivoCliente/50/audio_50_4.mp3,wav
../Archivos/ArchivoCliente/50/audio_50_5.mp3,wav
../Archivos/ArchivoCliente/50/audio_50_6.mp3,wav
../Archivos/ArchivoCliente/50/audio_50_7.mp3,wav
../Archivos/ArchivoCliente/50/audio_50_8.mp3,wav
../Archivos/ArchivoCliente/50/audio_50_9.mp3,wav
../Archivos/ArchivoCliente/50/audio_50_10.mp3,wav
../Archivos/ArchivoCliente/50/audio_50_11.mp3,wav
../Archivos/ArchivoCliente/50/audio_50_12.mp3,wav
../Archivos/ArchivoCliente/50/audio_50_13.mp3,wav
../Archivos/ArchivoCliente/50/audio_50_14.mp3,wav
../Archivos/ArchivoCliente/50/audio_50_15.mp3,wav
../Archivos/ArchivoCliente/50/audio_50_16.mp3,wav
../Archivos/ArchivoCliente/50/audio_50_17.mp3,wav
../Archivos/ArchivoCliente/50/audio_50_18.mp3,wav
../Archivos/ArchivoCliente/50/audio_50_19.mp3,wav
../Archivos/ArchivoCliente/50/audio_50_20.mp3,wav
../Archivos/ArchivoCliente/50/audio_50_21.mp3,wav
../Archivos/ArchivoCliente/50/audio_50_22.mp3,wav
../Archivos/ArchivoCliente/50/audio_50_23.mp3,wav
../Archivos/ArchivoCliente/50/audio_50_24.mp3,wav
../Archivos/ArchivoCliente/50/audio_50_25.mp3,wav
../Archivos/ArchivoCliente/50/audio_50_26.mp3,wav
../Archivos/ArchivoCliente/50/audio_50_27.mp3,wav
../Archivos/ArchivoCliente/50/audio_50_28.mp3,wav
../Archivos/ArchivoCliente/50/audio_50_29.mp3,wav
../Archivos/ArchivoCliente/50/audio_50_30.mp3,wav
