../Archivos/ArchivoCliente/audio_1.mp3,.wav
../Archivos/ArchivoCliente/audio_2.mp3,.wav
../Archivos/ArchivoCliente/audio_3.mp3,.wav
../Archivos/ArchivoCliente/audio_4.mp3,.wav
../Archivos/ArchivoCliente/audio_5.mp3,.wav
../Archivos/ArchivoCliente/audio_6.mp3,.wav
../Archivos/ArchivoCliente/audio_7.mp3,.wav
../Archivos/ArchivoCliente/audio_8.mp3,.wav
../Archivos/ArchivoCliente/audio_9.mp3,.wav
../Archivos/ArchivoCliente/audio_10.mp3,.wav
../Archivos/ArchivoCliente/audio_11.mp3,.wav
../Archivos/ArchivoCliente/audio_12.mp3,.wav
../Archivos/ArchivoCliente/audio_13.mp3,.wav
../Archivos/ArchivoCliente/audio_14.mp3,.wav
../Archivos/ArchivoCliente/audio_15.mp3,.wav
../Archivos/ArchivoCliente/audio_16.mp3,.wav
../Archivos/ArchivoCliente/audio_17.mp3,.wav
../Archivos/ArchivoCliente/audio_18.mp3,.wav
../Archivos/ArchivoCliente/audio_19.mp3,.wav
../Archivos/ArchivoCliente/audio_20.mp3,.wav
../Archivos/ArchivoCliente/audio_21.mp3,.wav
../Archivos/ArchivoCliente/audio_22.mp3,.wav
../Archivos/ArchivoCliente/audio_23.mp3,.wav
../Archivos/ArchivoCliente/audio_24.mp3,.wav
../Archivos/ArchivoCliente/audio_25.mp3,.wav
../Archivos/ArchivoCliente/audio_26.mp3,.wav
../Archivos/ArchivoCliente/audio_27.mp3,.wav
../Archivos/ArchivoCliente/audio_28.mp3,.wav
../Archivos/ArchivoCliente/audio_29.mp3,.wav
../Archivos/ArchivoCliente/audio_30.mp3,.wav
